{"train_loss (log)": -1.062346916869446, "test_loss (log)": -1.9279014684340592, "_timestamp": 1728743766.6871972, "_runtime": 6246.995549201965, "_step": 999, "_wandb": {"runtime": 6252}}