{"train_loss": NaN, "test_loss": NaN, "_timestamp": 1727971572.013542, "_runtime": 14.304282903671265, "_step": 42, "_wandb": {"runtime": 14}}