{"train_loss": 0.11781486123800278, "test_loss": 0.02878563664853573, "_timestamp": 1727816530.512969, "_runtime": 21.324317932128906, "_step": 18, "_wandb": {"runtime": 20}}