{"train_loss": 0.3129585087299347, "test_loss": 0.16659343242645264, "_timestamp": 1727815752.591154, "_runtime": 26.84169316291809, "_step": 61, "_wandb": {"runtime": 26}}