{"train_loss (log)": -1.5688268458483128, "test_loss (log)": -0.896759088992136, "_timestamp": 1728730127.1174002, "_runtime": 187.71843123435974, "_step": 999, "_wandb": {"runtime": 186}}