{"train_loss (log)": -1.402105120396162, "test_loss (log)": 2.2057857043083766, "_timestamp": 1728640941.1490505, "_runtime": 1032.5508863925934, "_step": 999, "_wandb": {"runtime": 1033}}