{"train_loss": 0.02988748624920845, "test_loss": 0.10511719435453415, "_timestamp": 1728373457, "_runtime": 2013, "_step": 536, "_wandb": {"runtime": 2015}}