{"train_loss (log)": 2.1224132372771907, "test_loss (log)": 3.728960517287949, "_timestamp": 1728637502.8798583, "_runtime": 1558.426066160202, "_step": 999, "_wandb": {"runtime": 1559}}