{"train_loss": 0.11418800055980682, "test_loss": 0.016319621354341507, "_timestamp": 1727816565.1917467, "_runtime": 25.539138793945312, "_step": 62, "_wandb": {"runtime": 23}}