{"train_loss": 0.2597395181655884, "test_loss": 0.04860974848270416, "_timestamp": 1727821279.2325685, "_runtime": 65.84601759910583, "_step": 31, "_wandb": {"runtime": 65}}