{"train_loss": 1.0110129117965698, "test_loss": 0.11304689198732376, "_timestamp": 1727802031.7103446, "_runtime": 9.66428256034851, "_step": 2, "_wandb": {"runtime": 9}}