{"train_loss": 0.006254666484892368, "test_loss": 0.0387272909283638, "_timestamp": 1727797890.8759518, "_runtime": 689.0486588478088, "_step": 2999, "_wandb": {"runtime": 699}}