{"train_loss (log)": -0.9241357694947314, "test_loss (log)": -0.338643075732204, "_timestamp": 1728725611.6993175, "_runtime": 192.26369452476501, "_step": 999, "_wandb": {"runtime": 192}}