{"train_loss": 0.11841335147619247, "test_loss": 0.020429765805602074, "_timestamp": 1727816613.1426136, "_runtime": 38.12934470176697, "_step": 31, "_wandb": {"runtime": 37}}