{"train_loss (log)": 0.9456111601883823, "test_loss (log)": 1.233061220680522, "_timestamp": 1728726554.4567173, "_runtime": 2210.7848031520844, "_step": 999, "_wandb": {"runtime": 2211}}