{"train_loss": 0.41237255930900574, "test_loss": 0.2627062499523163, "_timestamp": 1728055934.5478494, "_runtime": 30.579628467559814, "_step": 5, "_wandb": {"runtime": 32}}