{"train_loss (log)": -1.0320277889836629, "test_loss (log)": -2.2979767142582426, "_timestamp": 1728731401.3918235, "_runtime": 3364.728732585907, "_step": 999, "_wandb": {"runtime": 3367}}