{"train_loss (log)": -0.9325058711949799, "test_loss (log)": -1.7213914071556315, "_timestamp": 1728730693.3167472, "_runtime": 358.1983141899109, "_step": 999, "_wandb": {"runtime": 358}}