{"train_loss": 0.006793309468775988, "test_loss": 0.1675563007593155, "_timestamp": 1727816475.3964782, "_runtime": 79.62061023712158, "_step": 223, "_wandb": {"runtime": 79}}