{"train_loss": NaN, "test_loss": NaN, "_timestamp": 1727971754.5351596, "_runtime": 13.585863590240479, "_step": 40, "_wandb": {"runtime": 13}}