{"train_loss": 0.018816331401467323, "test_loss": 0.13665567338466644, "_timestamp": 1727797146.116233, "_runtime": 276.78089118003845, "_step": 1095, "_wandb": {"runtime": 276}}