{"train_loss": 0.044100284576416016, "test_loss": 0.4290004372596741, "_timestamp": 1727837590.985892, "_runtime": 53.89592409133911, "_step": 164, "_wandb": {"runtime": 53}}