{"train_loss": 0.9260653257369995, "test_loss": 0.09955562651157379, "_timestamp": 1727802035.0475044, "_runtime": 8.825418472290039, "_step": 3, "_wandb": {"runtime": 8}}