{"train_loss": 0.09042280912399292, "test_loss": 0.5750324726104736, "_timestamp": 1727811426.5223742, "_runtime": 779.0916800498962, "_step": 577, "_wandb": {"runtime": 789}}