{"train_loss (log)": -1.8709267229385205, "test_loss (log)": 0.5549847370544339, "_timestamp": 1728729929.8533058, "_runtime": 187.8814299106598, "_step": 999, "_wandb": {"runtime": 187}}