{"train_loss": 0.20659583806991577, "test_loss": 1.0375151634216309, "_timestamp": 1727802333.8816257, "_runtime": 189.54399275779724, "_step": 872, "_wandb": {"runtime": 189}}