{"train_loss (log)": -1.4715522771205636, "test_loss (log)": -1.0965256244573338, "_timestamp": 1728375690.2577531, "_runtime": 466.96682024002075, "_step": 999, "_wandb": {"runtime": 467}}