{"train_loss": 0.08000201731920242, "test_loss": 3.5105161666870117, "_timestamp": 1727837612.6244063, "_runtime": 63.004117250442505, "_step": 251, "_wandb": {"runtime": 62}}