{"train_loss": NaN, "test_loss": NaN, "_timestamp": 1727971773.4987493, "_runtime": 6.964361190795898, "_step": 8, "_wandb": {"runtime": 6}}