{"train_loss": 0.004360468126833439, "test_loss": 0.01718728430569172, "_timestamp": 1727801275.4497333, "_runtime": 31.822503328323364, "_step": 8, "_wandb": {"runtime": 31}}