{"train_loss (log)": -0.5630716394874142, "test_loss (log)": 0.04408882717602377, "_timestamp": 1728637398, "_runtime": 1494, "_step": 999, "_wandb": {"runtime": 1496}}