{"train_loss": 0.06058375909924507, "test_loss": 0.05390961095690727, "_timestamp": 1727804341.2621946, "_runtime": 68.99133467674255, "_step": 229, "_wandb": {"runtime": 60}}