{"train_loss": 0.4302694797515869, "test_loss": 0.0873122289776802, "_timestamp": 1727804399.548667, "_runtime": 36.20356297492981, "_step": 20, "_wandb": {"runtime": 35}}