{"train_loss (log)": -0.8658543138798145, "test_loss (log)": -0.25535538434998173, "_timestamp": 1728728549.770491, "_runtime": 1166.7435638904572, "_step": 999, "_wandb": {"runtime": 1167}}