{"train_loss": 0.008356641046702862, "test_loss": 0.13958963751792908, "_timestamp": 1727816738.065336, "_runtime": 532.2789371013641, "_step": 282, "_wandb": {"runtime": 531}}