{"train_loss": 0.07957424968481064, "test_loss": 0.0667906403541565, "_timestamp": 1727804849.848643, "_runtime": 21.791848182678223, "_step": 3, "_wandb": {"runtime": 21}}