{"train_loss": 0.00893316324800253, "test_loss": 2.769960641860962, "_timestamp": 1727822085.8072038, "_runtime": 797.0336756706238, "_step": 410, "_wandb": {"runtime": 796}}