{"train_loss (log)": -1.2002919053881937, "test_loss (log)": -1.2582197834033508, "_timestamp": 1728374914.0344343, "_runtime": 355.5738663673401, "_step": 999, "_wandb": {"runtime": 355}}