{"train_loss (log)": -1.7910086017337592, "test_loss (log)": -1.0849934688428442, "_timestamp": 1728726901.64991, "_runtime": 1077.041599035263, "_step": 999, "_wandb": {"runtime": 1077}}