{"train_loss": 0.03258849307894707, "test_loss": 1.2611138820648193, "_timestamp": 1727837600.5577447, "_runtime": 63.37320280075073, "_step": 207, "_wandb": {"runtime": 62}}