{"train_loss": 0.07004310190677643, "test_loss": 0.37687599658966064, "_timestamp": 1727817396.8285503, "_runtime": 1523.498366355896, "_step": 999, "_wandb": {"runtime": 1524}}