{"train_loss": 0.24058204889297485, "test_loss": 0.886023223400116, "_timestamp": 1727817415.3207963, "_runtime": 1411.2811563014984, "_step": 925, "_wandb": {"runtime": 1410}}