{"train_loss (log)": -1.3482370187978738, "test_loss (log)": -0.8235509113427195, "_timestamp": 1728377097.3203893, "_runtime": 848.4992122650146, "_step": 166, "_wandb": {"runtime": 849}}