{"train_loss": 5.076916217803955, "test_loss": 0.33764123916625977, "_timestamp": 1727809806.8114765, "_runtime": 8.850099563598633, "_step": 2, "_wandb": {"runtime": 8}}