{"train_loss (log)": -1.516541734165236, "test_loss (log)": -0.8929072707831358, "_timestamp": 1728726296.7951913, "_runtime": 2230.22638630867, "_step": 999, "_wandb": {"runtime": 2232}}