{"train_loss (log)": -0.5159624417799391, "test_loss (log)": 0.09779292401519293, "_timestamp": 1728640867.1897342, "_runtime": 979.0162613391876, "_step": 891, "_wandb": {"runtime": 978}}