{"train_loss (log)": -0.5087221062945413, "test_loss (log)": 0.05745641158675058, "_timestamp": 1728730174.0144668, "_runtime": 1081.819964647293, "_step": 999, "_wandb": {"runtime": 1082}}