{"train_loss": 0.0984877198934555, "test_loss": 0.19769629836082458, "_timestamp": 1727815714.8713772, "_runtime": 105.77500128746033, "_step": 391, "_wandb": {"runtime": 105}}