{"train_loss": 0.26453346014022827, "test_loss": 0.027256688103079796, "_timestamp": 1727820861.9029403, "_runtime": 21.041259288787842, "_step": 6, "_wandb": {"runtime": 20}}