{"train_loss": 0.1790156364440918, "test_loss": 0.7653770446777344, "_timestamp": 1727815978.6255329, "_runtime": 213.26661777496338, "_step": 612, "_wandb": {"runtime": 212}}