{"train_loss": 0.0044577536173164845, "test_loss": 29.871173858642578, "_timestamp": 1727821922.0745683, "_runtime": 1076.7869203090668, "_step": 618, "_wandb": {"runtime": 1076}}