{"train_loss (log)": -5.363739746773898, "test_loss (log)": 0.9851268571986007, "_timestamp": 1728727005.4543595, "_runtime": 991.1774456501007, "_step": 999, "_wandb": {"runtime": 991}}