{"train_loss": 0.2656598687171936, "test_loss": 0.9741646647453308, "_timestamp": 1727811739.3111923, "_runtime": 1010.7191481590271, "_step": 735, "_wandb": {"runtime": 1010}}