{"train_loss (log)": -1.0106276101878546, "test_loss (log)": -2.69979958153458, "_timestamp": 1728737998.8468823, "_runtime": 6584.573759317398, "_step": 999, "_wandb": {"runtime": 6590}}