{"train_loss (log)": -1.6327458936440047, "test_loss (log)": -0.6343405390283958, "_timestamp": 1728727371.3658423, "_runtime": 1166.4553773403168, "_step": 999, "_wandb": {"runtime": 1167}}