{"train_loss": 1.849442720413208, "test_loss": 12.010713577270508, "_timestamp": 1727808632.697641, "_runtime": 231.25438785552979, "_step": 997, "_wandb": {"runtime": 215}}