{"train_loss": 0.00019032509590033442, "test_loss": 90.59634399414062, "_timestamp": 1727822237.3832002, "_runtime": 1382.275012254715, "_step": 839, "_wandb": {"runtime": 1381}}