{"train_loss": 0.010455656796693802, "test_loss": 0.06205298379063606, "_timestamp": 1727797877.8663342, "_runtime": 694.4129011631012, "_step": 2999, "_wandb": {"runtime": 694}}