{"train_loss (log)": -6.620143379589666, "test_loss (log)": 0.9544434761068818, "_timestamp": 1728726002.7011843, "_runtime": 988.9676003456116, "_step": 999, "_wandb": {"runtime": 989}}