{"train_loss": 0.033333539962768555, "test_loss": 3.158353567123413, "_timestamp": 1727837609.0854146, "_runtime": 69.34159755706787, "_step": 252, "_wandb": {"runtime": 68}}