{"train_loss (log)": -1.5144146576194573, "test_loss (log)": -0.9717050354979161, "_timestamp": 1728375485.3557637, "_runtime": 463.4797296524048, "_step": 999, "_wandb": {"runtime": 463}}