{"train_loss": 0.09956549853086472, "test_loss": 0.014286436140537262, "_timestamp": 1727816859.283239, "_runtime": 34.37604093551636, "_step": 14, "_wandb": {"runtime": 33}}