{"train_loss": 129.9287567138672, "test_loss": 637.7871704101562, "_timestamp": 1728373464.3993669, "_runtime": 1994.7405908107758, "_step": 522}