{"train_loss (log)": -0.7899907556246683, "test_loss (log)": -0.260267964433367, "_timestamp": 1728729080.0168536, "_runtime": 1081.3594295978546, "_step": 999, "_wandb": {"runtime": 1081}}