{"train_loss (log)": -1.5566043033332828, "test_loss (log)": -1.1333198828937951, "_timestamp": 1728375690.5554047, "_runtime": 474.2450885772705, "_step": 999, "_wandb": {"runtime": 474}}