{"train_loss (log)": -2.7016636351406724, "test_loss (log)": 1.814078264045452, "_timestamp": 1728637087.671386, "_runtime": 1150.8514189720154, "_step": 826, "_wandb": {"runtime": 1150}}