{"train_loss": 0.0028676316142082214, "test_loss": 0.5572569966316223, "_timestamp": 1727817375.6153889, "_runtime": 1268.8405649662018, "_step": 812, "_wandb": {"runtime": 1268}}