{"train_loss": 0.01386791467666626, "test_loss": 0.015600855462253094, "_timestamp": 1727800902.4421785, "_runtime": 238.46831059455872, "_step": 1216, "_wandb": {"runtime": 238}}