{"train_loss": 0.05152713134884834, "test_loss": 0.04001586139202118, "_timestamp": 1727804260.9936368, "_runtime": 28.96561288833618, "_step": 61, "_wandb": {"runtime": 17}}