{"train_loss": 0.0018007275648415089, "test_loss": 20.45725440979004, "_timestamp": 1727822387.5373354, "_runtime": 1087.8371403217316, "_step": 679, "_wandb": {"runtime": 1087}}