{"train_loss (log)": NaN, "test_loss (log)": NaN, "_timestamp": 1728636630.0486615, "_runtime": 9.354881525039673, "_step": 2, "_wandb": {"runtime": 9}}