{"train_loss (log)": 1.59430953029009, "test_loss (log)": 1.605012694023938, "_timestamp": 1728374138, "_runtime": 405, "_step": 14, "_wandb": {"runtime": 419}}