{"train_loss": 0.8239849209785461, "test_loss": 6.395184516906738, "_timestamp": 1727808391.2487915, "_runtime": 251.1457233428955, "_step": 983, "_wandb": {"runtime": 250}}