{"train_loss (log)": -1.5136614422337045, "test_loss (log)": -0.898528431195735, "_timestamp": 1728377546, "_runtime": 388, "_step": 999, "_wandb": {"runtime": 389}}