{"train_loss": 0.05853777378797531, "test_loss": 0.06412375718355179, "_timestamp": 1727804772.080708, "_runtime": 34.330321073532104, "_step": 2, "_wandb": {"runtime": 33}}