{"train_loss (log)": -0.35539246590037005, "test_loss (log)": 0.012345805015308622, "_timestamp": 1728643847.7226598, "_runtime": 1239.9315419197083, "_step": 999, "_wandb": {"runtime": 1240}}