{"train_loss (log)": -1.901068243007897, "test_loss (log)": -0.7321045170464646, "_timestamp": 1728733543.975556, "_runtime": 1054.5861458778381, "_step": 999, "_wandb": {"runtime": 1054}}