{"train_loss": 0.0022891254629939795, "test_loss": 44.3087043762207, "_timestamp": 1727822059.0411396, "_runtime": 1208.2160925865173, "_step": 689, "_wandb": {"runtime": 1206}}