{"train_loss (log)": -1.7337983233206957, "test_loss (log)": -0.5350586375039577, "_timestamp": 1728726193.672317, "_runtime": 1176.735948085785, "_step": 999, "_wandb": {"runtime": 1177}}