{"train_loss": 9.130359649658203, "test_loss": 0.8150765895843506, "_timestamp": 1727809830.5685651, "_runtime": 13.861918210983276, "_step": 3, "_wandb": {"runtime": 13}}