{"train_loss (log)": -1.1793610208678142, "test_loss (log)": -1.1547135399216129, "_timestamp": 1728374586.42945, "_runtime": 320.4014871120453, "_step": 999, "_wandb": {"runtime": 320}}