{"train_loss (log)": NaN, "test_loss (log)": NaN, "_timestamp": 1728643193.4477112, "_runtime": 62.52323317527771, "_step": 41, "_wandb": {"runtime": 63}}