{"train_loss (log)": -1.064163171774049, "test_loss (log)": -1.1832514132644365, "_timestamp": 1728375552.7674963, "_runtime": 525.5227463245392, "_step": 999, "_wandb": {"runtime": 525}}