{"train_loss": 0.04751087725162506, "test_loss": 0.06702081859111786, "_timestamp": 1727815587.2192435, "_runtime": 185.90587854385376, "_step": 705, "_wandb": {"runtime": 185}}