{"train_loss (log)": -2.7354372880782933, "test_loss (log)": -0.08009239323393572, "_timestamp": 1728732479.2030897, "_runtime": 1062.7767946720123, "_step": 999, "_wandb": {"runtime": 1063}}