{"train_loss": 0.2537010610103607, "test_loss": 0.913051962852478, "_timestamp": 1727804610.7912328, "_runtime": 201.0365858078003, "_step": 772, "_wandb": {"runtime": 200}}