{"train_loss": 0.09323488175868988, "test_loss": 0.008689453825354576, "_timestamp": 1727820868.5845065, "_runtime": 28.475141525268555, "_step": 10, "_wandb": {"runtime": 28}}