{"train_loss": 0.035192761570215225, "test_loss": 0.033263299614191055, "_timestamp": 1727804176.919435, "_runtime": 8.894472122192383, "_step": 14, "_wandb": {"runtime": 16}}