{"train_loss (log)": -0.412360417357988, "test_loss (log)": 0.05256903703068975, "_timestamp": 1728729730.721249, "_runtime": 1169.5376291275024, "_step": 999, "_wandb": {"runtime": 1170}}