{"train_loss": 0.5311058163642883, "test_loss": 0.133341982960701, "_timestamp": 1727804894.0438175, "_runtime": 8.561070442199707, "_step": 2, "_wandb": {"runtime": 8}}