{"train_loss (log)": -1.1340968063082602, "test_loss (log)": -1.3254837457133715, "_timestamp": 1728725408.8913891, "_runtime": 192.84387803077698, "_step": 999, "_wandb": {"runtime": 192}}