{"train_loss (log)": NaN, "test_loss (log)": NaN, "_timestamp": 1728642678.2343795, "_runtime": 67.12255358695984, "_step": 50, "_wandb": {"runtime": 67}}