{"train_loss (log)": -2.3324968160667723, "test_loss (log)": 1.6261949527480328, "_timestamp": 1728734201.5548825, "_runtime": 1002.7251765727997, "_step": 999, "_wandb": {"runtime": 1003}}