{"train_loss": 17.89021110534668, "test_loss": 21.23201560974121, "_timestamp": 1728055888.19723, "_runtime": 42.20768713951111, "_step": 7, "_wandb": {"runtime": 44}}