{"train_loss (log)": -0.9427090741957482, "test_loss (log)": -1.7114789415104865, "_timestamp": 1728731405.067801, "_runtime": 700.34632396698, "_step": 999, "_wandb": {"runtime": 700}}