{"train_loss": 0.20520412921905518, "test_loss": 1.2585735321044922, "_timestamp": 1727803148.0462012, "_runtime": 1003.3494272232056, "_step": 849, "_wandb": {"runtime": 1003}}