{"train_loss": 0.04635556414723396, "test_loss": 0.09779343008995056, "_timestamp": 1728056074.0712774, "_runtime": 120.22940826416016, "_step": 109, "_wandb": {"runtime": 119}}