{"train_loss (log)": -2.59422138705541, "test_loss (log)": 0.5991631861328086, "_timestamp": 1728723807.3608832, "_runtime": 57.21687912940979, "_step": 48, "_wandb": {"runtime": 57}}