{"train_loss (log)": -1.3986467947649435, "test_loss (log)": -0.9557884139688279, "_timestamp": 1728377098.5198085, "_runtime": 857.8059005737305, "_step": 168, "_wandb": {"runtime": 860}}