{"train_loss": 13.871992111206055, "test_loss": 77.55680084228516, "_timestamp": 1727810524.7420907, "_runtime": 673.190890789032, "_step": 517, "_wandb": {"runtime": 672}}