{"train_loss": 0.0007823046762496233, "test_loss": 0.004923793487250805, "_timestamp": 1727803471.5798905, "_runtime": 154.40049052238464, "_step": 123, "_wandb": {"runtime": 154}}