{"train_loss": 1.1764445304870605, "test_loss": 6.756916522979736, "_timestamp": 1727814298, "_runtime": 3320, "_step": 1361, "_wandb": {"runtime": 3342}}