{"train_loss (log)": -1.5484976372276213, "test_loss (log)": -0.7159929376002032, "_timestamp": 1728734614.9825115, "_runtime": 1060.186711549759, "_step": 999, "_wandb": {"runtime": 1060}}