{"train_loss (log)": -1.2541188644216688, "test_loss (log)": -1.5088884771591466, "_timestamp": 1728725204.6061432, "_runtime": 193.07912421226501, "_step": 999, "_wandb": {"runtime": 192}}