{"train_loss (log)": -1.2423159914958513, "test_loss (log)": -1.342969153708217, "_timestamp": 1728377103.6956267, "_runtime": 876.5580017566681, "_step": 173, "_wandb": {"runtime": 877}}