{"train_loss (log)": -1.6408672316261994, "test_loss (log)": -1.0646274459453176, "_timestamp": 1728377898.5192156, "_runtime": 507.5512135028839, "_step": 999, "_wandb": {"runtime": 507}}