{"train_loss (log)": -1.557199440016602, "test_loss (log)": -0.9874433386077236, "_timestamp": 1728727988.3929396, "_runtime": 1075.735292673111, "_step": 999, "_wandb": {"runtime": 1076}}