{"train_loss (log)": -0.6583705385169634, "test_loss (log)": 0.06421391058862726, "_timestamp": 1728725814.3015249, "_runtime": 191.42104291915894, "_step": 999, "_wandb": {"runtime": 191}}