{"train_loss": 4846075.0, "test_loss": 5245166.0, "_timestamp": 1727971812.3400533, "_runtime": 26.264124393463135, "_step": 131, "_wandb": {"runtime": 25}}