{"train_loss": 0.005732765421271324, "test_loss": 4.875880241394043, "_timestamp": 1728373464.3942933, "_runtime": 1934.7749783992767, "_step": 518}