{"train_loss": 0.07550401985645294, "test_loss": 0.07308544218540192, "_timestamp": 1727803894.6931596, "_runtime": 9.119495630264282, "_step": 2, "_wandb": {"runtime": 8}}