{"train_loss (log)": -1.7699184199220772, "test_loss (log)": -0.3672126914395012, "_timestamp": 1728731177.5307143, "_runtime": 993.8976302146912, "_step": 999, "_wandb": {"runtime": 994}}