{"train_loss": 3.4782087802886963, "test_loss": 10.68850326538086, "_timestamp": 1727814442, "_runtime": 3459, "_step": 1436, "_wandb": {"runtime": 3460}}