{"train_loss (log)": -1.4346762741820278, "test_loss (log)": -0.8073801719075069, "_timestamp": 1728726347.6572402, "_runtime": 2273.9058282375336, "_step": 999, "_wandb": {"runtime": 2274}}