{"train_loss (log)": -4.236715168500874, "test_loss (log)": 1.2911691584091753, "_timestamp": 1728739188.2130141, "_runtime": 1171.9571611881256, "_step": 999, "_wandb": {"runtime": 1172}}