{"train_loss": 0.060632552951574326, "test_loss": 0.0640520229935646, "_timestamp": 1727804110.139495, "_runtime": 14.28600788116455, "_step": 2, "_wandb": {"runtime": 13}}