{"train_loss (log)": -1.2378790494258152, "test_loss (log)": -1.2479125034638783, "_timestamp": 1728730324.0942864, "_runtime": 186.4202435016632, "_step": 999, "_wandb": {"runtime": 186}}