{"train_loss (log)": -2.2506243687382517, "test_loss (log)": 2.023683239682281, "_timestamp": 1728740391.558051, "_runtime": 1191.218500137329, "_step": 999, "_wandb": {"runtime": 1192}}