{"train_loss (log)": -1.6894313153985392, "test_loss (log)": -0.889528872452839, "_timestamp": 1728377913.3559093, "_runtime": 502.94840931892395, "_step": 999, "_wandb": {"runtime": 502}}