{"train_loss": 0.027482975274324417, "test_loss": 0.020463284105062485, "_timestamp": 1727804220.6987362, "_runtime": 25.10974407196045, "_step": 32, "_wandb": {"runtime": 24}}