{"train_loss (log)": -1.0326411245086875, "test_loss (log)": -1.5071228215312868, "_timestamp": 1728745239.0917568, "_runtime": 3644.412978887558, "_step": 999, "_wandb": {"runtime": 3646}}