{"train_loss": 11.534268379211426, "test_loss": 55.39252471923828, "_timestamp": 1727814597, "_runtime": 3607, "_step": 1558, "_wandb": {"runtime": 3607}}