{"train_loss (log)": 11.897279812151492, "test_loss (log)": 13.157997230370501, "_timestamp": 1728643945.3939607, "_runtime": 1253.2043356895447, "_step": 999, "_wandb": {"runtime": 1253}}