{"train_loss": 9.000099182128906, "test_loss": 65.9345474243164, "_timestamp": 1727808940.700342, "_runtime": 298.5091550350189, "_step": 960, "_wandb": {"runtime": 298}}