{"train_loss (log)": -1.2902361528791608, "test_loss (log)": -1.0419135350626045, "_timestamp": 1728377096.7929084, "_runtime": 852.4561624526978, "_step": 167, "_wandb": {"runtime": 856}}