{"train_loss (log)": -1.0161808275128303, "test_loss (log)": -1.3933324546744257, "_timestamp": 1728375518.7137995, "_runtime": 474.8172655105591, "_step": 999, "_wandb": {"runtime": 474}}