{"train_loss (log)": -1.4296487230759998, "test_loss (log)": -0.9831449654999073, "_timestamp": 1728377092.4749122, "_runtime": 838.7069211006165, "_step": 164, "_wandb": {"runtime": 842}}