{"train_loss (log)": -1.4718795830439315, "test_loss (log)": -0.6168326163887284, "_timestamp": 1728741580.8987563, "_runtime": 1178.5301773548126, "_step": 999, "_wandb": {"runtime": 1179}}