{"train_loss": 0.06262791156768799, "test_loss": 0.08157701790332794, "_timestamp": 1727804076.669591, "_runtime": 25.732481002807617, "_step": 2, "_wandb": {"runtime": 25}}