{"train_loss": 0.06464836746454239, "test_loss": 0.038186319172382355, "_timestamp": 1727816806.685297, "_runtime": 55.22015595436096, "_step": 25, "_wandb": {"runtime": 54}}