{"train_loss (log)": -1.1062318368487978, "test_loss (log)": -1.6399579130221493, "_timestamp": 1728737503.6533837, "_runtime": 2876.7444398403168, "_step": 999, "_wandb": {"runtime": 2879}}