{"train_loss": NaN, "test_loss": NaN, "_timestamp": 1727971617.3667033, "_runtime": 11.797800302505493, "_step": 33, "_wandb": {"runtime": 11}}