{"train_loss": 8.350052667083219e-05, "test_loss": 0.23272311687469482, "_timestamp": 1727816381.51908, "_runtime": 52.74810481071472, "_step": 151, "_wandb": {"runtime": 52}}