{"train_loss": 0.9568385481834412, "test_loss": 0.15623465180397034, "_timestamp": 1727804920.6023414, "_runtime": 9.931950330734253, "_step": 3, "_wandb": {"runtime": 16}}