{"train_loss (log)": NaN, "test_loss (log)": NaN, "_timestamp": 1728636608.9830906, "_runtime": 40.502867698669434, "_step": 18, "_wandb": {"runtime": 41}}