{"train_loss (log)": 2.666284579944789, "test_loss (log)": 3.2228505421229343, "_timestamp": 1728377106, "_runtime": 2901, "_step": 680, "_wandb": {"runtime": 2903}}