{"train_loss (log)": -1.829927633285783, "test_loss (log)": 0.5414608985991813, "_timestamp": 1728726339.901462, "_runtime": 2239.5264530181885, "_step": 999, "_wandb": {"runtime": 2240}}