{"train_loss": 0.3001815676689148, "test_loss": 0.11380517482757568, "_timestamp": 1727971595.2545044, "_runtime": 11.974640369415283, "_step": 36, "_wandb": {"runtime": 11}}