{"train_loss": 0.019243035465478897, "test_loss": 0.11031316220760345, "_timestamp": 1727797937.703205, "_runtime": 324.80410718917847, "_step": 176, "_wandb": {"runtime": 324}}