{"train_loss": 0.08376777172088623, "test_loss": 0.009584499523043633, "_timestamp": 1727821264.4838424, "_runtime": 52.677000284194946, "_step": 23, "_wandb": {"runtime": 53}}