{"train_loss (log)": -1.911375698574306, "test_loss (log)": -1.8213906191998432, "_timestamp": 1728375954.9236908, "_runtime": 333.0123326778412, "_step": 999, "_wandb": {"runtime": 333}}