{"train_loss (log)": -1.7839987931235128, "test_loss (log)": 0.4268813919995593, "_timestamp": 1728728026.0220146, "_runtime": 998.7280607223511, "_step": 999, "_wandb": {"runtime": 999}}