{"train_loss (log)": -1.491001298790398, "test_loss (log)": -1.0435490208725848, "_timestamp": 1728377907.417805, "_runtime": 505.6821370124817, "_step": 999, "_wandb": {"runtime": 505}}