{"train_loss": 0.051404375582933426, "test_loss": 0.14156286418437958, "_timestamp": 1727816499.8406093, "_runtime": 14.464299201965332, "_step": 32, "_wandb": {"runtime": 14}}