{"train_loss": 0.0145789235830307, "test_loss": 0.30525532364845276, "_timestamp": 1727800607.6468313, "_runtime": 2649.070770263672, "_step": 2002, "_wandb": {"runtime": 2649}}