{"train_loss (log)": -1.7091788933335872, "test_loss (log)": 0.6812597627051342, "_timestamp": 1728732182.9130104, "_runtime": 994.2940764427185, "_step": 999, "_wandb": {"runtime": 994}}