{"train_loss": 0.09072086215019226, "test_loss": 0.008094712160527706, "_timestamp": 1727817358.009363, "_runtime": 488.1759719848633, "_step": 140, "_wandb": {"runtime": 487}}