{"train_loss (log)": -1.0236457445574096, "test_loss (log)": -1.749765239733562, "_timestamp": 1728753238.8763506, "_runtime": 7983.232578754425, "_step": 999, "_wandb": {"runtime": 7990}}