{"train_loss (log)": -1.3178995749652835, "test_loss (log)": -1.244676422177567, "_timestamp": 1728377102.41118, "_runtime": 868.9652419090271, "_step": 171, "_wandb": {"runtime": 869}}