{"train_loss": 1.971765417607685e-09, "test_loss": 1.8439146280288696, "_timestamp": 1727816771.6604366, "_runtime": 692.175131559372, "_step": 408, "_wandb": {"runtime": 696}}