{"train_loss": 0.3137073516845703, "test_loss": 1.0870931148529053, "_timestamp": 1727816317.7781281, "_runtime": 325.9881660938263, "_step": 961, "_wandb": {"runtime": 324}}