{"train_loss": 0.16472409665584564, "test_loss": 0.11275207251310349, "_timestamp": 1727804875.9709942, "_runtime": 13.614296197891235, "_step": 2, "_wandb": {"runtime": 13}}