{"train_loss": NaN, "test_loss": NaN, "_timestamp": 1728371554.5296164, "_runtime": 41.06983828544617, "_step": 9, "_wandb": {"runtime": 43}}