{"train_loss": 0.047280214726924896, "test_loss": 0.058355290442705154, "_timestamp": 1727804817.4041307, "_runtime": 28.31963562965393, "_step": 2, "_wandb": {"runtime": 26}}