{"train_loss": 0.02518259361386299, "test_loss": 0.5860912203788757, "_timestamp": 1728056632.542273, "_runtime": 233.44969296455383, "_step": 218, "_wandb": {"runtime": 232}}