{"train_loss (log)": -2.0030525971676547, "test_loss (log)": 1.5148090580342084, "_timestamp": 1728733188.2171054, "_runtime": 993.5620834827423, "_step": 999, "_wandb": {"runtime": 994}}