{"train_loss": 0.05315159261226654, "test_loss": 3.8149240016937256, "_timestamp": 1727837634.1360915, "_runtime": 87.90704035758972, "_step": 399, "_wandb": {"runtime": 87}}